"","ID","Station Name","Street Address","Location","geometry"
"1",180625,"PEOPLES GAS CENTRAL EV2","4207 W 35th Pl Central Shop","(41.989265, -87.730213)",c(-87.730213, 41.989265)
"2",172397,"IRVINE  CO  OFC 71SW B2 02-03","71 S Wacker Dr","(41.880925, -87.636038)",c(-87.636038, 41.880925)
"3",205433,"Cityfront Place Parking Garage - Floor 2 Left","400 N. McClurg Court","(41.8891899, -87.6181012)",c(-87.6181012, 41.8891899)
"4",201403,"DRAKE TOWER DRAKE 1","172 E Walton Pl","(41.900228, -87.622669)",c(-87.622669, 41.900228)
"5",196870,"Paul Simon Chicago JCC","3348 S Kedzie Ave","(41.878114, -87.629798)",c(-87.629798, 41.878114)
"6",173548,"UNITED ORD LOT UNITED 3","5600 Bessie Coleman Dr","(41.981407, -87.888652)",c(-87.888652, 41.981407)
"7",147037,"SOLDIER FIELD STATION 02","1410 Museum Campus Dr","(41.863703, -87.616745)",c(-87.616745, 41.863703)
"8",156609,"ENGLEWOOD STATION 1","6933 W 69th St","(41.769096, -87.63568)",c(-87.63568, 41.769096)
"9",228130,"Whole Foods Market","1550 N Kingsbury St","(41.908771, -87.653054)",c(-87.653054, 41.908771)
"10",229279,"225 W WACKER 225 W WACKER","225 W Wacker Dr","(41.886307, -87.635075)",c(-87.635075, 41.886307)
"11",122296,"NEWCITY - Tesla Supercharger","1457 North Halstead Ave","(41.908065, -87.646836)",c(-87.646836, 41.908065)
"12",220479,"Cubs Blue Lot","1094 W Waveland","(41.949021, -87.6567262)",c(-87.6567262, 41.949021)
"13",151740,"The Maxwell","1100 S Canal St","(41.8689103, -87.640039)",c(-87.640039, 41.8689103)
"14",164585,"OZINGA CHINA TOWN","2242 S Lumber St","(41.851961, -87.64313)",c(-87.64313, 41.851961)
"15",202956,"INTERPARK 200 N CLARK 1","200 N Clark St","(41.885939, -87.631224)",c(-87.631224, 41.885939)
"16",171654,"3RD FLOOR GREENWAY-2","60 W Kinzie St","(41.889364, -87.630365)",c(-87.630365, 41.889364)
"17",237628,"Target - Tesla Supercharger","4433  South Pulaski Road","(41.813258, -87.72186)",c(-87.72186, 41.813258)
"18",121323,"One Bennett Park","456 E Illinois St","(41.891466, -87.616338)",c(-87.616338, 41.891466)
"19",163454,"PEOPLES GAS EV2","4341 W 35th Pl Logistics Support","(41.989409, -87.730374)",c(-87.730374, 41.989409)
"20",151758,"Medical Campus Parking B","5656 S. Maryland Ave","(41.79235655, -87.605923)",c(-87.605923, 41.79235655)
"21",224640,"ACADEMY STORE 5781","8331 S Stewart Ave","(41.739758, -87.633519)",c(-87.633519, 41.739758)
"22",309027,"Optima Lakeview","3478 N Broadway","(41.9450504, -87.6465576)",c(-87.6465576, 41.9450504)
"23",309393,"430205 : Eugenie Terrace on the Park - North Extension","1730 N Clark St","(41.9137578, -87.633797)",c(-87.633797, 41.9137578)
"24",169013,"Parking Garage - 70 West Madison - Tesla Destination","11 N Clark St","(41.882312, -87.630943)",c(-87.630943, 41.882312)
"25",166724,"Edens Collection","4631 W Foster Ave","(41.975078, -87.745385)",c(-87.745385, 41.975078)
"26",193491,"CHI PUB SCHOOLS BOGAN 1","7901 S Springfield Ave","(41.749189, -87.718463)",c(-87.718463, 41.749189)
"27",197202,"WAYNE FUELING WAYNE FUELING","2301 S Lake Shore Dr","(41.852623, -87.61196)",c(-87.61196, 41.852623)
"28",309749,"4211 Ferdinand St","4211 West Ferdinand Street","(41.88930296219866, -87.73111634859426)",c(-87.7311163485943, 41.8893029621987)
"29",230443,"Union West","939 W Washington Blvd","(41.882764, -87.651188)",c(-87.651188, 41.882764)
"30",235665,"6750 ENTRTANCE EAST","6750 W Grand Ave","(41.923867, -87.794421)",c(-87.794421, 41.923867)
"31",183626,"Walgreens #4978 West Loop","111 S. Halsted St.","(41.88005, -87.646719)",c(-87.646719, 41.88005)
"32",189751,"STERLING BAY GREEN STREET 4","333 N. Green St.","(41.888024, -87.648346)",c(-87.648346, 41.888024)
"33",260297,"World Flight Services","838 Patton Drive","(41.992820467980444, -87.8961504)",c(-87.8961504, 41.9928204679805)
"34",147820,"530207 : Aon Center Parking Garage","200 E. Randolph Street","(41.884798, -87.6215123)",c(-87.6215123, 41.884798)
"35",260951,"300 E. Randolph Unit #4","300 E. Randolph","(41.8846651, -87.6199166)",c(-87.6199166, 41.8846651)
"36",310421,"Evo Union Park","1454 W Randolph St","(41.8849841, -87.6640729)",c(-87.6640729, 41.8849841)
"37",231010,"Calumet","328 E 43rd st","(41.816823, -87.618607)",c(-87.618607, 41.816823)
"38",174126,"SP PLUS CORP MCCORMICK 1","2301 S Prairie Ave","(41.851227, -87.620567)",c(-87.620567, 41.851227)
"39",236974,"The Admiral at the Lake","929 W Foster Ave","(41.9760744, -87.6532576)",c(-87.6532576, 41.9760744)
"40",151747,"Government Center Self Park","181 North Clark","(41.8856135, -87.63075645)",c(-87.63075645, 41.8856135)
"41",171741,"PARKING GARAGE P2 GW","111 S Wacker Dr","(41.880437, -87.636733)",c(-87.636733, 41.880437)
"42",180618,"PEOPLES GAS CENTRAL EV4","4207 W 35th Pl Central Shop","(41.989217, -87.730352)",c(-87.730352, 41.989217)
"43",253298,"JNS / WAL IRVING PK 2","2301 W Irving Park Rd","(41.9537, -87.686411)",c(-87.686411, 41.9537)
"44",195926,"OMM GARAGE #1 ONE MAGNIFICENT","120 E Walton St","(41.9004, -87.624719)",c(-87.624719, 41.9004)
"45",306758,"TARGET T3871 STATION 2","5064 S Merrimac Ave","(41.813262, -87.72217)",c(-87.72217, 41.813262)
"46",198090,"155 N WACKER DR P1","155 N Upper Wacker Dr","(41.884913, -87.636437)",c(-87.636437, 41.884913)
"47",191563,"BOA Logan Square IL4-313 (Chicago, IL)","3350 W Diversey Ave","(41.9324, -87.71133)",c(-87.71133, 41.9324)
"48",185392,"MILLENNIUM GRGS MPG PILOT #3","5 S Columbus Dr","(41.882412, -87.621237)",c(-87.621237, 41.882412)
"49",262431,"5556 N Sheridan Road Condominium Association","5556 N Sheridan Road","(41.983521, -87.6555955)",c(-87.6555955, 41.983521)
"50",322521,"NORTHWESTERN ERIE GARAGE 2","321 E Erie St","(41.893813, -87.619448)",c(-87.619448, 41.893813)
"51",172820,"MOMENT MOMENT 2","545 N McClurg Ct","(41.892053, -87.617242)",c(-87.617242, 41.892053)
"52",65015,"CFP II, LLC 206","240 E Illinois St","(41.891113, -87.620957)",c(-87.620957, 41.891113)
"53",233234,"640 N LASALLE STATION #1","640 N La Salle St","(41.893633, -87.6329)",c(-87.6329, 41.893633)
"54",60987,"Western Avenue Nissan","7410 S Western Ave","(41.758552, -87.683346)",c(-87.683346, 41.758552)
"55",309296,"530210 : University of Chicago Booth School of Business - Harper Center","5807 South Woodlawn Avenue","(41.7891387, -87.5954555)",c(-87.5954555, 41.7891387)
"56",151752,"Addison & Clark","3554 N Sheffield Ave","(41.946911, -87.6548165)",c(-87.6548165, 41.946911)
"57",261690,"CHICAGO PARK HQ EV CHARGER #1","4830 S Western Ave","(41.804881, -87.686415)",c(-87.686415, 41.804881)
"58",86219,"PARKING GARAGE GARAGE LEVEL 1","118 N Jefferson St","(41.883868, -87.642736)",c(-87.642736, 41.883868)
"59",196358,"VOLVO VOLVO SRVCDRIVE","1924 N Paulina St","(41.917159, -87.67056)",c(-87.67056, 41.917159)
"60",150688,"Greenway Parking Garage - Tesla Destination","60 W Kinzie","(41.889236, -87.630247)",c(-87.630247, 41.889236)
"61",180622,"PEOPLES GAS EV13","4025 W Peterson Ave North Shop","(41.98952, -87.730309)",c(-87.730309, 41.98952)
"62",192678,"CHI PUB SCHOOLS CVS","8542 S Chappel Ave","(41.739279, -87.574212)",c(-87.574212, 41.739279)
"63",202789,"INTERPARK 217WASHINGTON 1","217 W Washington St","(41.883001, -87.634264)",c(-87.634264, 41.883001)
"64",262195,"Valmont Chicago","4647 W Polk St","(41.869976, -87.7419433)",c(-87.7419433, 41.869976)
"65",186381,"ADVOCATE IL MASONIC 6","931 W Wellington Ave","(41.936046, -87.652141)",c(-87.652141, 41.936046)
"66",114159,"The Guesthouse Hotel, a Select Registry Property - Tesla Destination","4872 N Clark St","(41.970814, -87.6677516)",c(-87.6677516, 41.970814)
"67",173545,"UNITED ORD LOT UNITED 6","5600 Bessie Coleman Dr","(41.981234, -87.888678)",c(-87.888678, 41.981234)
"68",257930,"SOLDIER FIELD STATION 04","1410 Museum Campus Dr","(41.862187, -87.615146)",c(-87.615146, 41.862187)
"69",154393,"222 N LaSalle Parking Garage","222 N La Salle St","(41.886578, -87.632776)",c(-87.632776, 41.886578)
"70",256685,"PARC HURON RIGHT STATION","469 W Huron St","(41.894538, -87.64123)",c(-87.64123, 41.894538)
"71",202796,"INTERPARK LAKE N WELLS 1","177 N Wells St","(41.885387, -87.63364)",c(-87.63364, 41.885387)
"72",235607,"TPM AVRA STATION 1","1125 W Van Buren Ave","(41.87582, -87.64171)",c(-87.64171, 41.87582)
"73",114158,"Loews Chicago Hotel - Tesla Destination","455 N Park Dr","(41.889755, -87.618659)",c(-87.618659, 41.889755)
"74",104690,"UNITED ORD LOT UNITED 7","5600 Bessie Coleman Dr","(41.981125, -87.88858)",c(-87.88858, 41.981125)
"75",163455,"PEOPLES GAS EV4","4341 W 35th Pl Logistics Support","(41.989297, -87.73032)",c(-87.73032, 41.989297)
"76",180626,"PEOPLES GAS EV3","4341 W 35th Pl Logistics Support","(41.989377, -87.73017)",c(-87.73017, 41.989377)
"77",256132,"Whole Foods Lakeview","3201 N Ashland Ave","(41.939834, -87.66812)",c(-87.66812, 41.939834)
"78",123556,"SP PLUS CORP MCCORMICK 2","2301 S Prairie Ave","(41.851167, -87.620557)",c(-87.620557, 41.851167)
"79",207785,"THOR816WFULTON STATION 1","800 W Fulton Market","(41.88694, -87.64766)",c(-87.64766, 41.88694)
"80",180605,"BUCK MANAGEMENT LEVEL 2 249","845 W Madison St","(41.880822, -87.649123)",c(-87.649123, 41.880822)
"81",76523,"PRUDENTIALPLAZA STATION 01","130 E Randolph St","(41.88536, -87.623191)",c(-87.623191, 41.88536)
"82",190810,"Target - Tesla Supercharger","2656 North Elston Avenue","(41.92780291, -87.68588061)",c(-87.68588061, 41.92780291)
"83",171696,"900 SELF PARK 8TH FLOOR","911 North Rush Street","(41.899844, -87.626701)",c(-87.626701, 41.899844)
"84",212708,"320 S CANAL EV2","320 S Canal St","(41.87712, -87.64055)",c(-87.64055, 41.87712)
"85",256683,"PARC HURON LEFT STATION","469 W Huron St","(41.894565, -87.641248)",c(-87.641248, 41.894565)
"86",173549,"UNITED ORD LOT UNITED 1","5600 Bessie Coleman Dr","(41.98117, -87.888711)",c(-87.888711, 41.98117)
"87",186148,"NORTH + VINE STATION 1","633 W. North Ave","(41.910583, -87.64479)",c(-87.64479, 41.910583)
"88",80236,"ONE SOUTH WACKE OSW STATION #1","1 S Wacker Dr","(41.881597, -87.636514)",c(-87.636514, 41.881597)
"89",224650,"INTERPARK TOWER WEST","211 W Adams St","(41.879012, -87.634417)",c(-87.634417, 41.879012)
"90",151759,"Whole Foods Market Chicago Edgewater EWR","6009 North Broadway","(41.991563, -87.6597735)",c(-87.6597735, 41.991563)
"91",309582,"UIC Parking Services Lot 9","501 South Morgan Street","(41.8748062, -87.6507875)",c(-87.6507875, 41.8748062)
"92",147816,"LPC","2330 North Clifton Avenue","(41.9245874, -87.657365)",c(-87.657365, 41.9245874)
"93",309133,"530206 : 333 West Wacker Drive","333 West Wacker Drive","(41.886053, -87.6359543)",c(-87.6359543, 41.886053)
"94",102158,"3030 North Broadway - Tesla Supercharger","3030 North Broadway","(41.937552, -87.644709)",c(-87.644709, 41.937552)
"95",235113,"THE COOPER GATEWAY","720 S Wells St","(41.87256, -87.633911)",c(-87.633911, 41.87256)
"96",147821,"430204 : X Chicago Apartments","710 West 14th Street","(41.863604, -87.6453386)",c(-87.6453386, 41.863604)
"97",260948,"300 E. Randolph Unit #3","300 E. Randolph","(41.8846651, -87.6199166)",c(-87.6199166, 41.8846651)
"98",319631,"GRANDOHIO CONDO STATION 1","211 East Ohio Street","(41.891997, -87.621655)",c(-87.621655, 41.891997)
"99",46807,"Berman Nissan - Chicago","4444 W Irving Park Rd","(41.953751, -87.739697)",c(-87.739697, 41.953751)
"100",251338,"Mac Management Co","640 N La Salle St","(41.8936332, -87.6329)",c(-87.6329, 41.8936332)
"101",151741,"Walgreens at 111 S Halsted St, Chicago","111 S Halsted St","(41.880205, -87.6470495)",c(-87.6470495, 41.880205)
"102",205194,"INTERPARK LAKE & WELLS 2","614 N St Clair St","(41.89315, -87.62299)",c(-87.62299, 41.89315)
"103",164167,"Chicago Travel Plaza - Tesla Supercharger","Building 840 Chicago O'Hare International Airport","(41.998752, -87.888342)",c(-87.888342, 41.998752)
"104",228119,"Walgreens","5625 N Ridge Ave","(41.984701, -87.660936)",c(-87.660936, 41.984701)
"105",146607,"5252 S CORNELL 5252 APARTMENTS","1600 E 53rd St","(41.799683, -87.586296)",c(-87.586296, 41.799683)
"106",114162,"Atlantic Aviation MDW - Tesla Destination","6150 S Laramie Ave","(41.780364, -87.752853)",c(-87.752853, 41.780364)
"107",322522,"NORTHWESTERN ERIE GARAGE 1","328 E Ontario St","(41.893823, -87.61955)",c(-87.61955, 41.893823)
"108",213406,"The Breakers at Edgewater Beach","5333 North Sheridan Road","(41.9789646, -87.6545663)",c(-87.6545663, 41.9789646)
"109",171655,"3RD FLOOR GREENWAY-1","60 W Kinzie St","(41.889364, -87.630328)",c(-87.630328, 41.889364)
"110",313657,"530201 - NMH-441 E. Ontario","441 East Ontario Street","(41.893233, -87.615834)",c(-87.615834, 41.893233)
"111",151754,"AMC Ford City 14","4700 W 77Th St","(41.753993, -87.733809)",c(-87.733809, 41.753993)
"112",202797,"INTERPARK 181N DEARBORN 1","181 N Dearborn St","(41.885269, -87.629082)",c(-87.629082, 41.885269)
"113",185439,"ADVOCATE IL MASONIC 1","3011 N Dayton St","(41.93669, -87.65024)",c(-87.65024, 41.93669)
"114",73954,"71086 900910","900 N Lake Shore Dr","(41.899474, -87.619448)",c(-87.619448, 41.899474)
"115",189176,"McDonalds 6676","600 N Clark","(41.892786, -87.631728)",c(-87.631728, 41.892786)
"116",205430,"Cityfront Place Garage - Floor 2 Right","400 N. McClurg Court","(41.8891899, -87.6181012)",c(-87.6181012, 41.8891899)
"117",260477,"PNC Centre at One North Franklin","North Franklin Street","(41.8857555, -87.6353777)",c(-87.6353777, 41.8857555)
"118",171743,"PARKING GARAGE P3 NGW","111 S Wacker Dr","(41.880395, -87.636583)",c(-87.636583, 41.880395)
"119",226281,"Plant Chicago","4459 S Marshfield Ave","(41.8123625, -87.6659539)",c(-87.6659539, 41.8123625)
"120",158351,"Walgreens L2","1520 W Fullerton Ave","(41.925715, -87.666226)",c(-87.666226, 41.925715)
"121",151751,"Jewel Osco #3514 3531 Broadway	Chicago	IL","3531 North Broadway","(41.9469465, -87.6465385)",c(-87.6465385, 41.9469465)
"122",167749,"LEFT BANK CS STATION 1","300 N Canal St","(41.887215, -87.640641)",c(-87.640641, 41.887215)
"123",46806,"Berman Nissan - Chicago","4444 W Irving Park Rd","(41.953751, -87.739697)",c(-87.739697, 41.953751)
"124",214241,"McCarthy Ford","11400 S. Pulaski Road","(41.685101, -87.720354)",c(-87.720354, 41.685101)
"125",202793,"INTERPARK 341 S WELLS 2","308 S Wells St","(41.877536, -87.63426)",c(-87.63426, 41.877536)
"126",236277,"PARKING B LOT B FLOOR8 #1","259 E Erie St","(41.893691, -87.620953)",c(-87.620953, 41.893691)
"127",171561,"CFP II, LLC 204","240 E Illinois St","(41.891099, -87.621074)",c(-87.621074, 41.891099)
"128",114163,"AC Hotel Chicago Downtown - Tesla Destination","630 N Rush St","(41.893499, -87.625498)",c(-87.625498, 41.893499)
"129",202792,"INTERPARK ADAMWABASH 2","17 E Adams St","(41.879251, -87.626887)",c(-87.626887, 41.879251)
"130",169699,"Best Western - Hawthorne Terrace","3434 N Broadway Ave","(41.944195, -87.645488)",c(-87.645488, 41.944195)
"131",149698,"Illinois Institute of Technology","3201 S State St","(41.83545303, -87.62598419)",c(-87.62598419, 41.83545303)
"132",236214,"THE COOPER STATION 2","720 S Wells St","(41.872568, -87.633825)",c(-87.633825, 41.872568)
"133",173550,"UNITED ORD LOT UNITED 2","5600 Bessie Coleman Dr","(41.981303, -87.888644)",c(-87.888644, 41.981303)
"134",117262,"Northwestern Memorial HealthCare","425 E Erie St","(41.894144, -87.617133)",c(-87.617133, 41.894144)
"135",255101,"Gaertner Residences","1201 W Wrightwood Ave","(41.928589, -87.658746)",c(-87.658746, 41.928589)
"136",253559,"Water Tower Place DCFC","835 N Michigan Ave","(41.8981545, -87.6225114)",c(-87.6225114, 41.8981545)
"137",152182,"United Center East Entrance","1901 West Madison St","(41.880715, -87.672479)",c(-87.672479, 41.880715)
"138",180621,"PEOPLES GAS EV17","4025 W Peterson Ave North Shop","(41.989441, -87.730298)",c(-87.730298, 41.989441)
"139",194566,"Jewel Osco #3345 Roosevelt and Wabash","1224 South Wabash","(41.867041, -87.6262505)",c(-87.6262505, 41.867041)
"140",158552,"ELEVEN THIRTY 1130 S MICHIGAN","1130 S Michigan Ave","(41.868618, -87.624626)",c(-87.624626, 41.868618)
"141",151745,"Blackhawk on Halsted","1460 N Halsted","(41.9078785, -87.64933345)",c(-87.64933345, 41.9078785)
"142",154767,"500 Lake Shore Drive","517 N Peshtigo Ct","(41.891568, -87.614945)",c(-87.614945, 41.891568)
"143",169248,"Virgin Hotels, Chicago - LAZ Parking - Tesla Destination","203 N Wabash Ave","(41.88605, -87.626025)",c(-87.626025, 41.88605)
"144",189754,"STERLING BAY GREEN STREET 3","333 N. Green St.","(41.888024, -87.648486)",c(-87.648486, 41.888024)
"145",195095,"110 UPPERWACKER STATION 3","110 N Upper Wacker Dr","(41.883759, -87.637353)",c(-87.637353, 41.883759)
"146",192898,"110 UPPERWACKER STATION 2","110 N Upper Wacker Dr","(41.882767, -87.637283)",c(-87.637283, 41.882767)
"147",171740,"PARKING GARAGE P1 GW","111 S Wacker Dr","(41.880391, -87.636605)",c(-87.636605, 41.880391)
"148",236279,"PARKING B LOT B FLOOR9 #3","240 E Ontario St","(41.89356, -87.620889)",c(-87.620889, 41.89356)
"149",238689,"Whole Foods Chicago & State","3 W Chicago Ave","(41.896272, -87.628367)",c(-87.628367, 41.896272)
"150",185438,"ADVOCATE IL MASONIC 2","3000 N Halsted St","(41.93672, -87.650246)",c(-87.650246, 41.93672)
"151",171695,"900 SELF PARK PLUG AND SHOP 4","911 N. Rush St","(41.899639, -87.626307)",c(-87.626307, 41.899639)
"152",170750,"NICHE 905 EV STATION 02","905 N Orleans St","(41.899418, -87.636886)",c(-87.636886, 41.899418)
"153",151742,"Loyola University","1110 West Sheridan Rd","(41.9988675, -87.6590125)",c(-87.6590125, 41.9988675)
"154",147817,"EnV Chicago","161 W Kinzie St","(41.8889472, -87.6336346)",c(-87.6336346, 41.8889472)
"155",102157,"The Aqua at Lakeshore East - Tesla Supercharger","225 North Columbus Drive","(41.88651, -87.61972)",c(-87.61972, 41.88651)
"156",170735,"PEOPLES GAS PETC 3","4228 W 35th Pl PETC","(41.831252, -87.731403)",c(-87.731403, 41.831252)
"157",217314,"HRC WEST 1 HYATT HOTEL 2","310 N Stetson Ave","(41.887463, -87.62218)",c(-87.62218, 41.887463)
"158",171693,"900 SELF PARK PLUG AND SHOP 3","911 N. Rush St","(41.899716, -87.626346)",c(-87.626346, 41.899716)
"159",56874,"900 SELF PARK PLUG AND SHOP 2","911 N. Rush St.","(41.89976, -87.626372)",c(-87.626372, 41.89976)
"160",309138,"430203 : BMIRF 805, LLC","805 North LaSalle Drive","(41.8968325, -87.6323311)",c(-87.6323311, 41.8968325)
"161",98760,"Berman Nissan - Chicago","3456 N Kedzie Ave","(41.943587, -87.708212)",c(-87.708212, 41.943587)
"162",212713,"320 S CANAL EV1","320 S Canal St","(41.877176, -87.64055)",c(-87.64055, 41.877176)
"163",212707,"320 S CANAL EV3","320 S Canal St","(41.877104, -87.64055)",c(-87.64055, 41.877104)
"164",194152,"TARGET T0942 STATION 2","2656 N Elston Ave","(41.927962, -87.685914)",c(-87.685914, 41.927962)
"165",180620,"PEOPLES GAS EV14","4025 W Peterson Ave North Shop","(41.989417, -87.730331)",c(-87.730331, 41.989417)
"166",259592,"Navy Pier","600 E Grand Ave","(41.891527, -87.608748)",c(-87.608748, 41.891527)
"167",228118,"UIC Maxwell Street Parking Structure","701 W Maxwell St","(41.864717, -87.645444)",c(-87.645444, 41.864717)
"168",191471,"Aspire Residences","2111 S Wabash Ave","(41.85385, -87.625126)",c(-87.625126, 41.85385)
"169",215054,"425 S. FIN PLAC 440LASALLE","425 S Financial Pl","(41.876306, -87.632975)",c(-87.632975, 41.876306)
"170",322581,"NORTHWESTERN HURON GARAGE 1","222 E Huron St","(41.895335, -87.622092)",c(-87.622092, 41.895335)
"171",114157,"Grant Park South - Tesla Destination","325 S Michigan Ave","(41.877475, -87.624245)",c(-87.624245, 41.877475)
"172",152341,"University of Illinois - 915 S Paulina St","915 S Paulina St","(41.864575, -87.645374)",c(-87.645374, 41.864575)
"173",151760,"Water Tower Place Garage Level 1","835 N Michigan Ave","(41.898114171, -87.622836086)",c(-87.622836086, 41.898114171)
"174",224651,"INTERPARK TOWER EAST","211 W Adams St","(41.878972, -87.634503)",c(-87.634503, 41.878972)
"175",256375,"MDWTPGLV1 TPG-01","5700 S Cicero Ave","(41.787397, -87.74009)",c(-87.74009, 41.787397)
"176",185440,"ADVOCATE IL MASONIC 4","933 w. Nelson Ave","(41.937062, -87.652714)",c(-87.652714, 41.937062)
"177",146617,"Target T2781 - Chicago, IL","1101 W Jackson Blvd.","(41.8768, -87.6554)",c(-87.6554, 41.8768)
"178",123624,"HF HF-1","3740 N Halsted St","(41.95056, -87.649867)",c(-87.649867, 41.95056)
"179",151755,"Walgreens at 501 W Roosevelt Rd, Chicago","501 W Roosevelt Rd","(41.86692, -87.639553)",c(-87.639553, 41.86692)
"180",180606,"BUCK MANAGEMENT LEVEL 2 246","845 W Madison St","(41.88071, -87.649101)",c(-87.649101, 41.88071)
"181",60583,"PARKING A MAIN GARAGE","5841 S Maryland Ave","(41.78872, -87.60502)",c(-87.60502, 41.78872)
"182",158349,"Chicago Midway International Airport - Long-Term Parking Garage","4799 W 54th St","(41.79407, -87.749467)",c(-87.749467, 41.79407)
"183",253747,"Trump International Hotel & Tower Chicago","401 N Wabash Avenue","(41.888835, -87.626658)",c(-87.626658, 41.888835)
"184",205431,"Cityfront Place Parking Garage - 3rd Floor Left","400 N. McClurg Court","(41.8891899, -87.6181012)",c(-87.6181012, 41.8891899)
"185",256684,"PARC HURON MIDDLE STATION","469 W Huron St","(41.89452, -87.64123)",c(-87.64123, 41.89452)
"186",319632,"GRANDOHIO CONDO STATION 2","211 East Ohio Street","(41.892043, -87.621646)",c(-87.621646, 41.892043)
"187",172819,"OPTIMA OPTIMA 1","220 E Illinois St","(41.891121, -87.621419)",c(-87.621419, 41.891121)
"188",224654,"INTERPARK CH610 WEST","230 W Washington St","(41.883503, -87.635067)",c(-87.635067, 41.883503)
"189",74327,"1KFULTON 1KFULTON","1000 W Fulton Market","(41.886859, -87.6525)",c(-87.6525, 41.886859)
"190",193488,"B3 LEVEL PARK B3 PARKING","284 E North Water St","(41.889535, -87.620768)",c(-87.620768, 41.889535)
"191",202791,"INTERPARK ADAMWABASH 1","17 E Adams St","(41.879243, -87.626855)",c(-87.626855, 41.879243)
"192",228124,"Walgreens","5158 N Lincoln Ave","(41.97494, -87.69292)",c(-87.69292, 41.97494)
"193",201004,"Target T2078 (Chicago, IL)","1940 W 33rd Street","(41.83555, -87.67318)",c(-87.67318, 41.83555)
"194",229593,"Best Western Hawthorne Terrace","3434 N Broadway Ave","(41.944195, -87.645488)",c(-87.645488, 41.944195)
"195",172818,"OPTIMA OPTIMA 2","220 E Illinois St","(41.891147, -87.621408)",c(-87.621408, 41.891147)
"196",173551,"UNITED ORD LOT UNITED 8","5600 Bessie Coleman Dr","(41.981142, -87.888646)",c(-87.888646, 41.981142)
"197",114161,"Millennium Parking Garage - Tesla Destination","5 S Columbus Dr","(41.881747, -87.620555)",c(-87.620555, 41.881747)
"198",224653,"INTERPARK CH610 EAST","230 W Washington St","(41.883519, -87.635067)",c(-87.635067, 41.883519)
"199",202794,"INTERPARK 314 S WELLS 1","314 S Wells St","(41.877528, -87.634217)",c(-87.634217, 41.877528)
"200",72438,"OMPE ONE MUSEUM PARK","1201 S Prairie Ave","(41.866571, -87.621756)",c(-87.621756, 41.866571)
"201",147818,"Lake Shore Drive Garage","509 North Peshtigo Court","(41.8915069, -87.6150303)",c(-87.6150303, 41.8915069)
"202",203145,"St. Paul and the Redeemer Episcopal Church","4945 S Dorchester Ave","(41.8044459, -87.5914378)",c(-87.5914378, 41.8044459)
"203",236278,"PARKING B LOT B FLOOR8 #3","259 E Erie St","(41.89369, -87.620964)",c(-87.620964, 41.89369)
"204",309384,"530208 : University of Chicago Booth School of Business - Gleacher Center","450 North Cityfront Plaza Drive","(41.8896871, -87.6222251)",c(-87.6222251, 41.8896871)
"205",213089,"320 S CANAL STATION 1","320 S Canal St","(41.87721, -87.64056)",c(-87.64056, 41.87721)
"206",194568,"Guaranteed Rate Field Lot D","333 W 35th St,","(41.830673894, -87.636027112)",c(-87.636027112, 41.830673894)
"207",163424,"BUCK MANAGEMENT LEVEL 1 NORTH","845 W Madison St","(41.880735, -87.648861)",c(-87.648861, 41.880735)
"208",228136,"Whole Foods Market","3640 N Halsted St","(41.948448, -87.649988)",c(-87.649988, 41.948448)
"209",228615,"Whole Foods Sauganash (CIC)","6020 N Cicero Ave","(41.99146, -87.749262)",c(-87.749262, 41.99146)
"210",151750,"Walgreens at 316 W Cermak Rd, Chicago","316 W Cermak Rd","(41.853059, -87.635359)",c(-87.635359, 41.853059)
"211",163819,"O'Hare Airport - Multi-Modal Facility Economy Lot F","10255 W Zemke Blvd","(41.99426839015599, -87.88105290737916)",c(-87.8810529073792, 41.994268390156)
"212",86102,"MOMENT MOMENT 1","545 N McClurg Ct","(41.892047, -87.617241)",c(-87.617241, 41.892047)
"213",152270,"University of Illinois - 760 W Taylor St","760 W Taylor St","(41.864511, -87.645224)",c(-87.645224, 41.864511)
"214",256376,"MDWTPGLV1 TPG-02","5700 S Cicero Ave","(41.787331, -87.74009)",c(-87.74009, 41.787331)
"215",78523,"540 W. MADISON LL1-4","13 N Jefferson St","(41.882368, -87.642179)",c(-87.642179, 41.882368)
"216",114164,"640 N LaSalle Parking Garage - Tesla Destination","640 N LaSalle St","(41.8936252, -87.6334239)",c(-87.6334239, 41.8936252)
"217",211955,"ZOE LIFE 400 2N DUAL","428-400 N Aberdeen St","(41.889536, -87.654691)",c(-87.654691, 41.889536)
"218",173547,"UNITED ORD LOT UNITED 4","5600 Bessie Coleman Dr","(41.98125, -87.888829)",c(-87.888829, 41.98125)
"219",185394,"MILLENNIUM GRGS MPG PILOT #2","5 S Columbus Dr","(41.88261, -87.620989)",c(-87.620989, 41.88261)
"220",165808,"UIC 1100 West Harrison","1100 West Harrison","(41.874817, -87.665107)",c(-87.665107, 41.874817)
"221",205057,"INTERPARK 181N DEARBORN 2","181 N Dearborn St","(41.885269, -87.629114)",c(-87.629114, 41.885269)
"222",167702,"UIC 1100 Wood Street","1100 South Wood Street","(41.867904, -87.67315)",c(-87.67315, 41.867904)
"223",189753,"STERLING BAY GREEN STREET 1","333 N Green St","(41.888024, -87.648561)",c(-87.648561, 41.888024)
"224",98761,"Berman Nissan - Chicago","3456 N Kedzie Ave","(41.943587, -87.708212)",c(-87.708212, 41.943587)
"225",236280,"PARKING B LOT B FLOOR8 #2","259 E Erie St","(41.893693, -87.620932)",c(-87.620932, 41.893693)
"226",171567,"540 W. MADISON LL1 - 3","540 West Madison St","(41.883025, -87.642101)",c(-87.642101, 41.883025)
"227",260954,"300 E. Randolph Unit #2","300 E. Randolph","(41.8846651, -87.6199166)",c(-87.6199166, 41.8846651)
"228",202952,"INTERPARK 217WASHINGTON 3","219 W Washington St","(41.883001, -87.634317)",c(-87.634317, 41.883001)
"229",174560,"SOLDIER FIELD STATION 03","1410 Museum Campus Dr","(41.863455, -87.616349)",c(-87.616349, 41.863455)
"230",151744,"New City Development","1457 N Halsted","(41.908476, -87.6476645)",c(-87.6476645, 41.908476)
"231",183397,"SOLSTICE APTS EV STATION 02","1616 E 56th St","(41.793733, -87.586153)",c(-87.586153, 41.793733)
"232",253521,"The Shops at North Bridge Grant St","520 N Michigan Ave","(41.891844, -87.626446)",c(-87.626446, 41.891844)
"233",180624,"PEOPLES GAS EV1","4341 W 35th Pl Logistics Support","(41.989385, -87.730277)",c(-87.730277, 41.989385)
"234",192929,"RUSH PARKING STATION 02","1641 w harrison st","(41.873913, -87.668106)",c(-87.668106, 41.873913)
"235",171694,"900 SELF PARK PLUG AND SHOP 1","911 N. Rush St","(41.89982, -87.626379)",c(-87.626379, 41.89982)
"236",186340,"Jewel Osco 2940 North Ashland Chicago","2940 North Ashland","(41.935462, -87.669719)",c(-87.669719, 41.935462)
"237",202705,"The Mason","180 North Ada Street","(41.8849796, -87.6611185)",c(-87.6611185, 41.8849796)
"238",149766,"Target T2613 - Chicago, IL","1200 N Larrabee St","(41.90421, -87.64352)",c(-87.64352, 41.90421)
"239",151756,"The Shops at North Bridge Rush St","520 N Michigan Ave","(41.8911105, -87.625614)",c(-87.625614, 41.8911105)
"240",185441,"ADVOCATE IL MASONIC 5","915 W. Wellington Ave","(41.936149, -87.652221)",c(-87.652221, 41.936149)
"241",235401,"Millennium Parking Garages","5 S Columbus Dr","(41.88239071834324, -87.62066039416824)",c(-87.6206603941682, 41.8823907183432)
"242",202908,"INTERPARK ONTARIO-CLAIR2","177 N Wells St","(41.885402, -87.633583)",c(-87.633583, 41.885402)
"243",114156,"Grant Park North - Tesla Destination","25 N Michigan Ave","(41.882267, -87.624325)",c(-87.624325, 41.882267)
"244",82637,"ELECTRONIC THE BERNADIN","750 N Wabash Ave","(41.896407, -87.626875)",c(-87.626875, 41.896407)
"245",220422,"LINCOLN COMMON LINCOLN COMMON","2316 N Lincoln Ave","(41.924266, -87.647382)",c(-87.647382, 41.924266)
"246",122434,"Fast Park & Relax Chicago MDW - Tesla Destination","5230 S Cicero","(41.79721, -87.74639)",c(-87.74639, 41.79721)
"247",189906,"UIC Maxwell Parking Structure","701 W Maxwell St","(41.864589, -87.645463)",c(-87.645463, 41.864589)
"248",217315,"HRC WEST 1 HYATT HOTEL 1","310 N Stetson Ave","(41.887424, -87.622006)",c(-87.622006, 41.887424)
"249",322582,"NORTHWESTERN HURON GARAGE 2","231 E Huron St","(41.895343, -87.62198)",c(-87.62198, 41.895343)
"250",151748,"United Center South Entrance","1901 West Madison St","(41.879903, -87.6741505)",c(-87.6741505, 41.879903)
"251",236281,"PARKING B LOT B FLOOR9 #2","240 E Ontario St","(41.893564, -87.620899)",c(-87.620899, 41.893564)
"252",166725,"Jewel Osco 5343 N Broadway Chicago","5343 N Broadway","(41.978844, -87.659321)",c(-87.659321, 41.978844)
"253",201402,"DRAKE TOWER DRAKE 2","172 E Walton Pl","(41.900208, -87.622655)",c(-87.622655, 41.900208)
"254",182168,"PEOPLES GAS PETC 1","4228 W 35th Pl PETC","(41.831199, -87.730815)",c(-87.730815, 41.831199)
"255",235668,"6750 ENTRTANCE WEST","6750 W Grand Ave","(41.923835, -87.794442)",c(-87.794442, 41.923835)
"256",170734,"PEOPLES GAS PETC 2","4228 W 35th Pl PETC","(41.831297, -87.73148)",c(-87.73148, 41.831297)
"257",174138,"HF HF-2","3740 N Halsted St","(41.950568, -87.649802)",c(-87.649802, 41.950568)
"258",40794,"O'Hare Airport - Short Term Parking","10000 W O'Hare Ave","(41.97850582311076, -87.90328000006105)",c(-87.903280000061, 41.9785058231108)
"259",205432,"Cityfront Place Parking Garage - 3rd Floor Right","400 N. McClurg Court","(41.8891899, -87.6181012)",c(-87.6181012, 41.8891899)
"260",193520,"PRUDENTIALPLAZA STATION 02","310 N Stetson Ave","(41.887424, -87.622235)",c(-87.622235, 41.887424)
"261",58326,"3RD FLOOR GREENWAY-3","60 W Kinzie St","(41.889356, -87.630403)",c(-87.630403, 41.889356)
"262",156610,"ENGLEWOOD STATION 2","740 W 69th St","(41.7691, -87.635735)",c(-87.635735, 41.7691)
"263",228117,"Walgreens - West Fullerton","1520 W Fullerton Ave","(41.92571, -87.66618)",c(-87.66618, 41.92571)
"264",191468,"1035 Van Buren - Garage - ParkChirp","1035 W Van Buren St","(41.8767996, -87.6532026)",c(-87.6532026, 41.8767996)
"265",164758,"Echelon Garage","353 N DesPlaines St","(41.87167, -87.626889)",c(-87.626889, 41.87167)
"266",169113,"Sofitel Chicago - Tesla Destination","20 E Chestnut St","(41.898653, -87.627307)",c(-87.627307, 41.898653)
"267",60584,"PARKING A DREXEL GARAGE","6054-6098 S Drexel Ave","(41.784474, -87.604518)",c(-87.604518, 41.784474)
"268",180607,"BUCK MANAGEMENT LEVEL 2 324","845 W Madison St","(41.880838, -87.649007)",c(-87.649007, 41.880838)
"269",215053,"425 S. FIN PLAC 440LASALLE2","425 S Financial Pl","(41.876317, -87.632933)",c(-87.632933, 41.876317)
"270",257535,"640 N LASALLE STATION #2","640 N La Salle St","(41.893689, -87.632994)",c(-87.632994, 41.893689)
"271",171742,"PARKING GARAGE P3 GW","111 S Wacker Dr","(41.880286, -87.636538)",c(-87.636538, 41.880286)
"272",185393,"MILLENNIUM GRGS MPG PILOT #1","5 S Columbus Dr","(41.882554, -87.620935)",c(-87.620935, 41.882554)
"273",102156,"The Maxwell - Tesla Supercharger","1100 South Canal Street","(41.869126, -87.639971)",c(-87.639971, 41.869126)
"274",236276,"PARKING B LOT B FLOOR9 #1","240 E Ontario St","(41.89356, -87.620879)",c(-87.620879, 41.89356)
"275",174559,"SOLDIER FIELD STATION 01","1410 Museum Campus Dr","(41.863495, -87.616445)",c(-87.616445, 41.863495)
"276",86015,"OPTIMA OPTIMA 4","220 E Illinois St","(41.891107, -87.62139)",c(-87.62139, 41.891107)
"277",147819,"One Eleven","111 W Wacker Dr","(41.8865153, -87.6314343)",c(-87.6314343, 41.8865153)
"278",194151,"TARGET T0942 STATION 1","2656 N Elston Ave","(41.927939, -87.685991)",c(-87.685991, 41.927939)
"279",180617,"PEOPLES GAS CENTRAL EV3","4207 W 35th Pl Central Shop","(41.989425, -87.730459)",c(-87.730459, 41.989425)
"280",253419,"175 W JACKSON 175 W JACKSON","175 Jackson Blvd","(41.877872, -87.6332)",c(-87.6332, 41.877872)
"281",78492,"RPS ROGERS PARK SOL","7331 N Sheridan Rd","(42.014848, -87.664015)",c(-87.664015, 42.014848)
"282",180623,"PEOPLES GAS CENTRAL EV6","4207 W 35th Pl Central Shop","(41.989265, -87.730288)",c(-87.730288, 41.989265)
"283",172817,"OPTIMA OPTIMA 3","220 E Illinois St","(41.891113, -87.621403)",c(-87.621403, 41.891113)
"284",228123,"Jewel-Osco","3400 N Western Ave","(41.943222, -87.689259)",c(-87.689259, 41.943222)
"285",189752,"STERLING BAY GREEN STREET 2","333 N Green St","(41.888024, -87.648604)",c(-87.648604, 41.888024)
"286",151875,"AMC CLASSIC Galewood Crossings 14","5530 W Homer St","(41.91551575, -87.764428)",c(-87.764428, 41.91551575)
"287",171619,"INTERPARK 50 EAST OHIO 1","50 E Ohio St","(41.892773, -87.625687)",c(-87.625687, 41.892773)
"288",202795,"INTERPARK 200 N CLARK 2","200 N Clark St","(41.885939, -87.631256)",c(-87.631256, 41.885939)
"289",218192,"Parq Fulton","1400 West Randolph Street","(41.8845457, -87.6626597)",c(-87.6626597, 41.8845457)
"290",185442,"ADVOCATE IL MASONIC 3","933 w. Nelson Ave","(41.93704, -87.652759)",c(-87.652759, 41.93704)
"291",151757,"Jewel Osco 5516 N Clark St Chicago IL","5516 North Clark St","(41.982498, -87.6691375)",c(-87.6691375, 41.982498)
"292",262338,"Inland Steel Building Garage","53 S. Dearborn St.","(41.88124376024821, -87.62923300266266)",c(-87.6292330026627, 41.8812437602482)
"293",204708,"401NMAPARKING 401 N MICHIGAN","150 E Lower North Water St","(41.889778, -87.623525)",c(-87.623525, 41.889778)
"294",114165,"Park Hyatt Chicago - Tesla Destination","800 N Michigan Ave","(41.896792, -87.625142)",c(-87.625142, 41.896792)
"295",192930,"RUSH PARKING STATION 01","1641 W Harrison St","(41.87393, -87.66806)",c(-87.66806, 41.87393)
"296",309466,"Cornell Village Underground Garage","5201 S Cornell Ave","(41.800975, -87.5854957)",c(-87.5854957, 41.800975)
"297",184701,"EPA Chicago","303 S Clark St","(41.877992, -87.630422)",c(-87.630422, 41.877992)
"298",202790,"INTERPARK ONTARIO-CLAIR 1","614 N St Clair St","(41.893159, -87.623033)",c(-87.623033, 41.893159)
"299",36619,"INTERPARK 50 EAST OHIO 2","50 E Ohio St","(41.892757, -87.626038)",c(-87.626038, 41.892757)
"300",117144,"Taylor Street Library and Apartments","1342 W Taylor St","(41.8698, -87.6605)",c(-87.6605, 41.8698)
"301",64452,"1000 LAKE SHORE 1000 LSD","130-138 E Oak St","(41.90085, -87.62452)",c(-87.62452, 41.90085)
"302",180619,"PEOPLES GAS EV16","4025 W Peterson Ave North Shop","(41.989433, -87.730298)",c(-87.730298, 41.989433)
"303",260952,"300 E. Randolph - Unit #1","300 E. Randolph","(41.8846651, -87.6199166)",c(-87.6199166, 41.8846651)
"304",306759,"TARGET T3871 STATION 1","5064 S Merrimac Ave","(41.813259, -87.722241)",c(-87.722241, 41.813259)
"305",173546,"UNITED ORD LOT UNITED 5","5600 Bessie Coleman Dr","(41.98128, -87.888622)",c(-87.888622, 41.98128)
"306",163425,"BUCK MANAGEMENT LEVEL 2 327","845 W Madison","(41.880655, -87.648861)",c(-87.648861, 41.880655)
"307",61218,"PARKING GARAGE 111SW STATION 2","111 S Wacker Dr","(41.880164, -87.636483)",c(-87.636483, 41.880164)
"308",151753,"Jewel Osco 4250 N Lincoln Chicago IL","4250 N Lincoln","(41.9587395, -87.682646)",c(-87.682646, 41.9587395)
"309",114160,"Millennium Lakeside Garage - Tesla Destination","5 S Columbus Dr","(41.882094, -87.620496)",c(-87.620496, 41.882094)
